{"mean":{"confidence_interval":{"confidence_level":0.95,"lower_bound":18147187.423916668,"upper_bound":18189439.24},"point_estimate":18166867.499999996,"standard_error":10777.928730997053},"median":{"confidence_interval":{"confidence_level":0.95,"lower_bound":18127943.333333332,"upper_bound":18156372.333333332},"point_estimate":18143967.5,"standard_error":7746.123342105794},"median_abs_dev":{"confidence_interval":{"confidence_level":0.95,"lower_bound":42869.87243890578,"upper_bound":80566.45936966034},"point_estimate":60428.303927184075,"standard_error":10243.834524597245},"slope":null,"std_dev":{"confidence_interval":{"confidence_level":0.95,"lower_bound":72204.17131929884,"upper_bound":144448.0402494171},"point_estimate":108371.61018100851,"standard_error":18847.435981284994}}