{"mean":{"confidence_interval":{"confidence_level":0.95,"lower_bound":7574235.6775357155,"upper_bound":7598070.14517857},"point_estimate":7585883.751428571,"standard_error":6062.877744440423},"median":{"confidence_interval":{"confidence_level":0.95,"lower_bound":7554433.214285715,"upper_bound":7578645.928571429},"point_estimate":7566236.428571428,"standard_error":6954.425976571544},"median_abs_dev":{"confidence_interval":{"confidence_level":0.95,"lower_bound":30319.169461727142,"upper_bound":60097.084033062885},"point_estimate":43057.350735578824,"standard_error":7327.107836985287},"slope":null,"std_dev":{"confidence_interval":{"confidence_level":0.95,"lower_bound":50469.22875629884,"upper_bound":70024.20974533641},"point_estimate":61032.30066204698,"standard_error":4976.56530358823}}