{"mean":{"confidence_interval":{"confidence_level":0.95,"lower_bound":-0.27195578938061077,"upper_bound":-0.2670976308690034},"point_estimate":-0.2694592438133455,"standard_error":0.0012366609377925796},"median":{"confidence_interval":{"confidence_level":0.95,"lower_bound":-0.2673750935171836,"upper_bound":-0.2651967542370739},"point_estimate":-0.2665664084851572,"standard_error":0.0005650963851246323}}