{"mean":{"confidence_interval":{"confidence_level":0.95,"lower_bound":54108033.79575,"upper_bound":54341331.01025},"point_estimate":54216941.66,"standard_error":59795.06350591164},"median":{"confidence_interval":{"confidence_level":0.95,"lower_bound":53976050.0,"upper_bound":54109460.0},"point_estimate":54019738.5,"standard_error":29332.50422549089},"median_abs_dev":{"confidence_interval":{"confidence_level":0.95,"lower_bound":202878.9803981781,"upper_bound":366655.12779057026},"point_estimate":282772.58647978306,"standard_error":41047.930905190035},"slope":null,"std_dev":{"confidence_interval":{"confidence_level":0.95,"lower_bound":391560.4073090623,"upper_bound":785744.996411575},"point_estimate":602009.7020146453,"standard_error":100734.82567474549}}