{"mean":{"confidence_interval":{"confidence_level":0.95,"lower_bound":0.019715336958639213,"upper_bound":0.033705345866219094},"point_estimate":0.026126725673080164,"standard_error":0.0036062929979159084},"median":{"confidence_interval":{"confidence_level":0.95,"lower_bound":0.017849433186773192,"upper_bound":0.04349385809476258},"point_estimate":0.036546293322457846,"standard_error":0.006909069459238402}}