{"mean":{"confidence_interval":{"confidence_level":0.95,"lower_bound":84867268.57775001,"upper_bound":85140669.87175},"point_estimate":84995908.53,"standard_error":69876.21268416093},"median":{"confidence_interval":{"confidence_level":0.95,"lower_bound":84713718.0,"upper_bound":84914120.0},"point_estimate":84785950.0,"standard_error":52756.880580664765},"median_abs_dev":{"confidence_interval":{"confidence_level":0.95,"lower_bound":290577.734041214,"upper_bound":577610.9236628556},"point_estimate":380509.28324460983,"standard_error":70064.45305979511},"slope":null,"std_dev":{"confidence_interval":{"confidence_level":0.95,"lower_bound":488790.3315479837,"upper_bound":900383.0122698275},"point_estimate":700534.2890377064,"standard_error":106030.6747722885}}