{"mean":{"confidence_interval":{"confidence_level":0.95,"lower_bound":144672356.77275,"upper_bound":145010200.82},"point_estimate":144831112.81,"standard_error":86317.51309703043},"median":{"confidence_interval":{"confidence_level":0.95,"lower_bound":144504776.0,"upper_bound":144717803.0},"point_estimate":144611337.0,"standard_error":56147.31486632885},"median_abs_dev":{"confidence_interval":{"confidence_level":0.95,"lower_bound":422369.75220143795,"upper_bound":707646.4500367641},"point_estimate":570216.8454766273,"standard_error":72603.93588540598},"slope":null,"std_dev":{"confidence_interval":{"confidence_level":0.95,"lower_bound":608965.0482609256,"upper_bound":1111639.1841248816},"point_estimate":867201.1833056626,"standard_error":129224.94517750508}}