{"mean":{"confidence_interval":{"confidence_level":0.95,"lower_bound":7718419.665928573,"upper_bound":7740335.559571433},"point_estimate":7728900.545714288,"standard_error":5602.840735410176},"median":{"confidence_interval":{"confidence_level":0.95,"lower_bound":7700660.571428572,"upper_bound":7715060.142857143},"point_estimate":7707736.857142857,"standard_error":3480.3940568184757},"median_abs_dev":{"confidence_interval":{"confidence_level":0.95,"lower_bound":23805.36647736957,"upper_bound":46096.5747816226},"point_estimate":34721.22058357491,"standard_error":5647.407741295096},"slope":null,"std_dev":{"confidence_interval":{"confidence_level":0.95,"lower_bound":44440.77039742166,"upper_bound":67622.29419971815},"point_estimate":56531.035132752855,"standard_error":5949.836294674274}}