{"mean":{"confidence_interval":{"confidence_level":0.95,"lower_bound":7178292.711000003,"upper_bound":7224614.167892858},"point_estimate":7201178.378571426,"standard_error":11897.71810809435},"median":{"confidence_interval":{"confidence_level":0.95,"lower_bound":7115620.142857143,"upper_bound":7211793.642857143},"point_estimate":7141292.0,"standard_error":24960.341463699122},"median_abs_dev":{"confidence_interval":{"confidence_level":0.95,"lower_bound":50980.47089491592,"upper_bound":175293.8311879116},"point_estimate":88112.92853568301,"standard_error":31336.938828563907},"slope":null,"std_dev":{"confidence_interval":{"confidence_level":0.95,"lower_bound":107786.52309255495,"upper_bound":128249.81846317882},"point_estimate":119236.94455871447,"standard_error":5226.693598806715}}