{"mean":{"confidence_interval":{"confidence_level":0.95,"lower_bound":-0.8943919153341758,"upper_bound":-0.8938303956423603},"point_estimate":-0.8941097252230986,"standard_error":0.00014291873534662334},"median":{"confidence_interval":{"confidence_level":0.95,"lower_bound":-0.8943495695360799,"upper_bound":-0.8940875179636717},"point_estimate":-0.8942157002562499,"standard_error":0.00006674073222667758}}