{"mean":{"confidence_interval":{"confidence_level":0.95,"lower_bound":-0.9218196975739877,"upper_bound":-0.9214223233337876},"point_estimate":-0.9216051821800809,"standard_error":0.00010085508258677461},"median":{"confidence_interval":{"confidence_level":0.95,"lower_bound":-0.9217803172799157,"upper_bound":-0.9215003996065266},"point_estimate":-0.921669434019648,"standard_error":0.0000737657170876752}}