{"mean":{"confidence_interval":{"confidence_level":0.95,"lower_bound":-0.956538752713447,"upper_bound":-0.9562874169221947},"point_estimate":-0.9564144468442216,"standard_error":0.00006438650671374115},"median":{"confidence_interval":{"confidence_level":0.95,"lower_bound":-0.9567405796065762,"upper_bound":-0.9565015766005487},"point_estimate":-0.9566444375738739,"standard_error":0.00006238371230763726}}