{"mean":{"confidence_interval":{"confidence_level":0.95,"lower_bound":7755138.7143928595,"upper_bound":7831527.624821427},"point_estimate":7787604.890000007,"standard_error":19907.535385187955},"median":{"confidence_interval":{"confidence_level":0.95,"lower_bound":7730042.571428572,"upper_bound":7756362.857142857},"point_estimate":7741064.928571429,"standard_error":6534.048174813173},"median_abs_dev":{"confidence_interval":{"confidence_level":0.95,"lower_bound":33093.431712474536,"upper_bound":63879.8822684057},"point_estimate":47192.53386216583,"standard_error":7975.158241218377},"slope":null,"std_dev":{"confidence_interval":{"confidence_level":0.95,"lower_bound":54721.15877725657,"upper_bound":306557.1343857},"point_estimate":200386.9236970353,"standard_error":67949.27334503867}}