{"mean":{"confidence_interval":{"confidence_level":0.95,"lower_bound":-0.9406508079969026,"upper_bound":-0.9403927126402633},"point_estimate":-0.9405190723091728,"standard_error":0.0000656529486981312},"median":{"confidence_interval":{"confidence_level":0.95,"lower_bound":-0.9406893810035437,"upper_bound":-0.9404952530548895},"point_estimate":-0.9406169932564651,"standard_error":0.00005048172174723411}}