{"mean":{"confidence_interval":{"confidence_level":0.95,"lower_bound":-0.8604475915889619,"upper_bound":-0.8596684326894228},"point_estimate":-0.8600538634661157,"standard_error":0.00019912023587271194},"median":{"confidence_interval":{"confidence_level":0.95,"lower_bound":-0.8602369028746323,"upper_bound":-0.8598147489132022},"point_estimate":-0.8600165765598545,"standard_error":0.00010452349959738067}}