{"mean":{"confidence_interval":{"confidence_level":0.95,"lower_bound":7813978.211785713,"upper_bound":7899331.372642858},"point_estimate":7853135.521428568,"standard_error":21871.354712637214},"median":{"confidence_interval":{"confidence_level":0.95,"lower_bound":7773953.714285715,"upper_bound":7899756.142857143},"point_estimate":7839516.214285715,"standard_error":28950.578216525362},"median_abs_dev":{"confidence_interval":{"confidence_level":0.95,"lower_bound":164380.5186816636,"upper_bound":250907.9124454947},"point_estimate":236897.87219422215,"standard_error":23259.79113713644},"slope":null,"std_dev":{"confidence_interval":{"confidence_level":0.95,"lower_bound":143371.79687733692,"upper_bound":313317.1215685668},"point_estimate":219818.29413698273,"standard_error":52991.52841484428}}