{"mean":{"confidence_interval":{"confidence_level":0.95,"lower_bound":177918263.37849998,"upper_bound":178209376.12775},"point_estimate":178056099.25,"standard_error":74281.40405138327},"median":{"confidence_interval":{"confidence_level":0.95,"lower_bound":177768504.0,"upper_bound":178031095.0},"point_estimate":177902554.0,"standard_error":67700.45039046509},"median_abs_dev":{"confidence_interval":{"confidence_level":0.95,"lower_bound":418283.3730889858,"upper_bound":712888.1822437048},"point_estimate":560623.68234694,"standard_error":77064.39184750918},"slope":null,"std_dev":{"confidence_interval":{"confidence_level":0.95,"lower_bound":535744.8844692427,"upper_bound":988283.2176472847},"point_estimate":750092.6513071955,"standard_error":122004.6273199619}}