{"mean":{"confidence_interval":{"confidence_level":0.95,"lower_bound":-0.8314114397879377,"upper_bound":-0.8297008756990374},"point_estimate":-0.8305332443871842,"standard_error":0.00043788359651346137},"median":{"confidence_interval":{"confidence_level":0.95,"lower_bound":-0.8299674241765742,"upper_bound":-0.8291766569047941},"point_estimate":-0.8295808455853473,"standard_error":0.00020661203881680478}}