{"mean":{"confidence_interval":{"confidence_level":0.95,"lower_bound":13905776.5074375,"upper_bound":13934582.0825},"point_estimate":13919402.63,"standard_error":7375.5630902592},"median":{"confidence_interval":{"confidence_level":0.95,"lower_bound":13895489.0,"upper_bound":13910385.75},"point_estimate":13904572.25,"standard_error":3556.426719119512},"median_abs_dev":{"confidence_interval":{"confidence_level":0.95,"lower_bound":26518.8950791955,"upper_bound":50595.39202675223},"point_estimate":39509.621373564005,"standard_error":6417.274963976477},"slope":null,"std_dev":{"confidence_interval":{"confidence_level":0.95,"lower_bound":52066.09017581958,"upper_bound":92680.36208654575},"point_estimate":74336.68873534593,"standard_error":10317.715381688144}}