{"mean":{"confidence_interval":{"confidence_level":0.95,"lower_bound":113196069.47275,"upper_bound":113653760.5645},"point_estimate":113410604.03,"standard_error":117211.63064832792},"median":{"confidence_interval":{"confidence_level":0.95,"lower_bound":112913265.0,"upper_bound":113215133.0},"point_estimate":113033655.5,"standard_error":71398.95192581926},"median_abs_dev":{"confidence_interval":{"confidence_level":0.95,"lower_bound":380902.9135376215,"upper_bound":669955.0522059202},"point_estimate":494435.9717220068,"standard_error":77856.38890683508},"slope":null,"std_dev":{"confidence_interval":{"confidence_level":0.95,"lower_bound":835110.9948420391,"upper_bound":1472160.1394414227},"point_estimate":1183623.1485730365,"standard_error":162860.24441963487}}