{"mean":{"confidence_interval":{"confidence_level":0.95,"lower_bound":-0.9467115182606957,"upper_bound":-0.9463763083889749},"point_estimate":-0.9465499686608986,"standard_error":0.00008486854958861934},"median":{"confidence_interval":{"confidence_level":0.95,"lower_bound":-0.9468981666848244,"upper_bound":-0.9463314075276879},"point_estimate":-0.9467200698893239,"standard_error":0.00013078938126668098}}