{"mean":{"confidence_interval":{"confidence_level":0.95,"lower_bound":7191141.274285709,"upper_bound":7215204.555714284},"point_estimate":7202598.508571427,"standard_error":6148.250880581726},"median":{"confidence_interval":{"confidence_level":0.95,"lower_bound":7173027.428571428,"upper_bound":7192799.571428572},"point_estimate":7180549.285714285,"standard_error":4666.22444720263},"median_abs_dev":{"confidence_interval":{"confidence_level":0.95,"lower_bound":22529.589200019836,"upper_bound":38593.771714823386},"point_estimate":30216.340563553214,"standard_error":4162.503084178262},"slope":null,"std_dev":{"confidence_interval":{"confidence_level":0.95,"lower_bound":47022.67873411168,"upper_bound":74200.82783157937},"point_estimate":61776.31990842016,"standard_error":6950.599618738037}}