{"mean":{"confidence_interval":{"confidence_level":0.95,"lower_bound":4687217.327886364,"upper_bound":4742988.297681818},"point_estimate":4712791.06818182,"standard_error":14290.367602902428},"median":{"confidence_interval":{"confidence_level":0.95,"lower_bound":4636768.363636363,"upper_bound":4749041.545454546},"point_estimate":4718842.181818182,"standard_error":29426.181636393398},"median_abs_dev":{"confidence_interval":{"confidence_level":0.95,"lower_bound":91704.19964465278,"upper_bound":160757.65976939004},"point_estimate":143955.06617155962,"standard_error":16946.802165052413},"slope":null,"std_dev":{"confidence_interval":{"confidence_level":0.95,"lower_bound":93623.5619932734,"upper_bound":204120.84754118507},"point_estimate":143561.8997537071,"standard_error":34263.30235010316}}