{"mean":{"confidence_interval":{"confidence_level":0.95,"lower_bound":-0.9316589666625874,"upper_bound":-0.9309411699289156},"point_estimate":-0.9313326566187763,"standard_error":0.00018833296615028576},"median":{"confidence_interval":{"confidence_level":0.95,"lower_bound":-0.9316396222144586,"upper_bound":-0.9313659582231187},"point_estimate":-0.9315153978314765,"standard_error":0.00006920423093238858}}