{"mean":{"confidence_interval":{"confidence_level":0.95,"lower_bound":128443378.64475,"upper_bound":128833811.262},"point_estimate":128628502.3,"standard_error":99722.76610577767},"median":{"confidence_interval":{"confidence_level":0.95,"lower_bound":128283341.0,"upper_bound":128591949.0},"point_estimate":128460075.0,"standard_error":85439.87380783932},"median_abs_dev":{"confidence_interval":{"confidence_level":0.95,"lower_bound":467704.69419658184,"upper_bound":789070.8405911922},"point_estimate":665070.6265926361,"standard_error":81428.47815963558},"slope":null,"std_dev":{"confidence_interval":{"confidence_level":0.95,"lower_bound":714675.6817498936,"upper_bound":1242974.4944766015},"point_estimate":1000568.2748074926,"standard_error":134803.14557156505}}