{"mean":{"confidence_interval":{"confidence_level":0.95,"lower_bound":-0.5791572346122997,"upper_bound":-0.5756668790208405},"point_estimate":-0.5774692827085195,"standard_error":0.000861810121103571},"median":{"confidence_interval":{"confidence_level":0.95,"lower_bound":-0.5821529539199797,"upper_bound":-0.5757813091215993},"point_estimate":-0.5789140345721755,"standard_error":0.001466456082003286}}