{"mean":{"confidence_interval":{"confidence_level":0.95,"lower_bound":-0.9095974043219617,"upper_bound":-0.9092162215480913},"point_estimate":-0.9094066002500152,"standard_error":0.00009681547666464977},"median":{"confidence_interval":{"confidence_level":0.95,"lower_bound":-0.9095710736071551,"upper_bound":-0.9093059874907155},"point_estimate":-0.909402602334804,"standard_error":0.00006850794641942524}}