{"mean":{"confidence_interval":{"confidence_level":0.95,"lower_bound":7575054.2828571405,"upper_bound":7600863.525714291},"point_estimate":7587451.520000001,"standard_error":6607.909575543217},"median":{"confidence_interval":{"confidence_level":0.95,"lower_bound":7554888.142857144,"upper_bound":7569476.857142857},"point_estimate":7561867.928571429,"standard_error":3681.882037009532},"median_abs_dev":{"confidence_interval":{"confidence_level":0.95,"lower_bound":20483.495336344673,"upper_bound":41148.92686946042},"point_estimate":28726.327590006233,"standard_error":5594.661295533732},"slope":null,"std_dev":{"confidence_interval":{"confidence_level":0.95,"lower_bound":52642.61195204044,"upper_bound":78187.75530899806},"point_estimate":66327.13052436826,"standard_error":6504.217481179713}}