{"mean":{"confidence_interval":{"confidence_level":0.95,"lower_bound":7646089.7514285715,"upper_bound":7707341.239678573},"point_estimate":7676059.555714283,"standard_error":15638.219521826488},"median":{"confidence_interval":{"confidence_level":0.95,"lower_bound":7581579.428571428,"upper_bound":7695492.285714285},"point_estimate":7640170.071428571,"standard_error":26752.4169652546},"median_abs_dev":{"confidence_interval":{"confidence_level":0.95,"lower_bound":94795.00661705172,"upper_bound":211394.9287469906},"point_estimate":147031.34558967073,"standard_error":26711.591463614364},"slope":null,"std_dev":{"confidence_interval":{"confidence_level":0.95,"lower_bound":130169.99813174728,"upper_bound":181542.21169212947},"point_estimate":157449.7967086849,"standard_error":13178.096053731833}}