{"mean":{"confidence_interval":{"confidence_level":0.95,"lower_bound":4579195.018272725,"upper_bound":4606916.574545455},"point_estimate":4592796.338181817,"standard_error":7066.415241737568},"median":{"confidence_interval":{"confidence_level":0.95,"lower_bound":4547177.090909091,"upper_bound":4581874.863636363},"point_estimate":4552466.409090909,"standard_error":8541.137165252632},"median_abs_dev":{"confidence_interval":{"confidence_level":0.95,"lower_bound":23154.707261648167,"upper_bound":72854.99808679322},"point_estimate":34345.84359933036,"standard_error":11930.374660008361},"slope":null,"std_dev":{"confidence_interval":{"confidence_level":0.95,"lower_bound":61516.6159509219,"upper_bound":78371.1561144442},"point_estimate":70891.33242526065,"standard_error":4284.118788160379}}