{"mean":{"confidence_interval":{"confidence_level":0.95,"lower_bound":7490568.965357139,"upper_bound":7510002.995714283},"point_estimate":7499936.782857144,"standard_error":4963.424379993968},"median":{"confidence_interval":{"confidence_level":0.95,"lower_bound":7476131.142857143,"upper_bound":7493089.857142857},"point_estimate":7482213.142857143,"standard_error":4329.03181997055},"median_abs_dev":{"confidence_interval":{"confidence_level":0.95,"lower_bound":20215.674241099645,"upper_bound":38206.28362170317},"point_estimate":24977.785356555272,"standard_error":4691.889391107916},"slope":null,"std_dev":{"confidence_interval":{"confidence_level":0.95,"lower_bound":38143.82557299182,"upper_bound":59917.38232198561},"point_estimate":49860.37341135797,"standard_error":5555.775731869879}}