{"mean":{"confidence_interval":{"confidence_level":0.95,"lower_bound":7740561.375714289,"upper_bound":7782128.3591428595},"point_estimate":7760673.578571427,"standard_error":10615.639615863394},"median":{"confidence_interval":{"confidence_level":0.95,"lower_bound":7696209.571428572,"upper_bound":7735562.142857143},"point_estimate":7713065.285714285,"standard_error":10341.591337832675},"median_abs_dev":{"confidence_interval":{"confidence_level":0.95,"lower_bound":40212.982686077834,"upper_bound":104352.16374737935},"point_estimate":65727.57513310209,"standard_error":16084.55495796447},"slope":null,"std_dev":{"confidence_interval":{"confidence_level":0.95,"lower_bound":89199.62129919953,"upper_bound":126072.67162862941},"point_estimate":107155.16324905437,"standard_error":9555.100204883032}}