{"mean":{"confidence_interval":{"confidence_level":0.95,"lower_bound":0.008410373921913834,"upper_bound":0.013423494888623759},"point_estimate":0.01056495596339424,"standard_error":0.0012702497588309959},"median":{"confidence_interval":{"confidence_level":0.95,"lower_bound":0.00882259228252742,"upper_bound":0.010184176122373545},"point_estimate":0.009575338626928609,"standard_error":0.0003511830972286117}}