{"mean":{"confidence_interval":{"confidence_level":0.95,"lower_bound":-0.883216547528374,"upper_bound":-0.8822532248881675},"point_estimate":-0.882728517290431,"standard_error":0.0002449633412557601},"median":{"confidence_interval":{"confidence_level":0.95,"lower_bound":-0.8827669216564411,"upper_bound":-0.882186611244973},"point_estimate":-0.8824400463962979,"standard_error":0.00014601006771003012}}