{"mean":{"confidence_interval":{"confidence_level":0.95,"lower_bound":-0.0035387292320246955,"upper_bound":0.0037954275586386385},"point_estimate":0.00019720800198852473,"standard_error":0.0018761791338700719},"median":{"confidence_interval":{"confidence_level":0.95,"lower_bound":-0.004415594610696738,"upper_bound":0.009242860397202124},"point_estimate":0.005497224551843871,"standard_error":0.003536568562534921}}