{"mean":{"confidence_interval":{"confidence_level":0.95,"lower_bound":-0.9519914541346172,"upper_bound":-0.9513945300436362},"point_estimate":-0.9517266279990378,"standard_error":0.00014999941567263257},"median":{"confidence_interval":{"confidence_level":0.95,"lower_bound":-0.9521609804011816,"upper_bound":-0.9512675956569361},"point_estimate":-0.9516447560760974,"standard_error":0.00019946852823114742}}