{"mean":{"confidence_interval":{"confidence_level":0.95,"lower_bound":-0.026969521596177833,"upper_bound":-0.01902970915183216},"point_estimate":-0.022822032190979002,"standard_error":0.0020212980038855867},"median":{"confidence_interval":{"confidence_level":0.95,"lower_bound":-0.02628919932643725,"upper_bound":-0.022118171584691163},"point_estimate":-0.024552986849401992,"standard_error":0.001144173529365161}}