{"mean":{"confidence_interval":{"confidence_level":0.95,"lower_bound":98405396.46,"upper_bound":98817412.1635},"point_estimate":98589431.81,"standard_error":105643.50916175728},"median":{"confidence_interval":{"confidence_level":0.95,"lower_bound":98219694.0,"upper_bound":98509003.0},"point_estimate":98400117.0,"standard_error":82239.03318757271},"median_abs_dev":{"confidence_interval":{"confidence_level":0.95,"lower_bound":367462.40347623825,"upper_bound":633009.4021618366},"point_estimate":532470.5914467573,"standard_error":73562.13392205302},"slope":null,"std_dev":{"confidence_interval":{"confidence_level":0.95,"lower_bound":545368.0909995266,"upper_bound":1545679.7869773023},"point_estimate":1063950.288930088,"standard_error":263545.9139407011}}