{"mean":{"confidence_interval":{"confidence_level":0.95,"lower_bound":-0.4398535854647706,"upper_bound":-0.4315776393627935},"point_estimate":-0.43609086477010683,"standard_error":0.002063796734959047},"median":{"confidence_interval":{"confidence_level":0.95,"lower_bound":-0.43988326266358346,"upper_bound":-0.4340025898650627},"point_estimate":-0.4385228982091536,"standard_error":0.0013065443332460475}}