{"mean":{"confidence_interval":{"confidence_level":0.95,"lower_bound":2677357.2287375,"upper_bound":2703334.108137501},"point_estimate":2690147.7570000016,"standard_error":6635.793820851693},"median":{"confidence_interval":{"confidence_level":0.95,"lower_bound":2663236.9,"upper_bound":2711709.5999999996},"point_estimate":2676466.95,"standard_error":11052.03007911113},"median_abs_dev":{"confidence_interval":{"confidence_level":0.95,"lower_bound":57049.77981716367,"upper_bound":85183.33746269345},"point_estimate":74921.5217448771,"standard_error":7603.931310249784},"slope":null,"std_dev":{"confidence_interval":{"confidence_level":0.95,"lower_bound":56791.64901070524,"upper_bound":76032.95499110801},"point_estimate":66574.91246584708,"standard_error":4932.771801559471}}