{"mean":{"confidence_interval":{"confidence_level":0.95,"lower_bound":7689667.097142858,"upper_bound":7711251.097999999},"point_estimate":7700068.318571431,"standard_error":5507.354041265284},"median":{"confidence_interval":{"confidence_level":0.95,"lower_bound":7672481.714285715,"upper_bound":7685805.5},"point_estimate":7681386.428571428,"standard_error":3241.9662757673223},"median_abs_dev":{"confidence_interval":{"confidence_level":0.95,"lower_bound":20727.171232018758,"upper_bound":39216.46370376839},"point_estimate":28379.081496169998,"standard_error":4601.0930724449845},"slope":null,"std_dev":{"confidence_interval":{"confidence_level":0.95,"lower_bound":44482.93261753596,"upper_bound":64093.22057093097},"point_estimate":55119.61088075448,"standard_error":5001.485738226664}}