{"mean":{"confidence_interval":{"confidence_level":0.95,"lower_bound":7679069.921499998,"upper_bound":7707009.822857139},"point_estimate":7692463.6000000015,"standard_error":7151.767554534701},"median":{"confidence_interval":{"confidence_level":0.95,"lower_bound":7657352.285714285,"upper_bound":7667139.142857143},"point_estimate":7661893.571428572,"standard_error":2808.114548325869},"median_abs_dev":{"confidence_interval":{"confidence_level":0.95,"lower_bound":18779.6676190946,"upper_bound":38231.48782125502},"point_estimate":26612.66952753067,"standard_error":5375.778631011904},"slope":null,"std_dev":{"confidence_interval":{"confidence_level":0.95,"lower_bound":56452.2370837647,"upper_bound":86195.65260842371},"point_estimate":71981.98595478061,"standard_error":7659.6361109076815}}