{"mean":{"confidence_interval":{"confidence_level":0.95,"lower_bound":0.036855601792552754,"upper_bound":0.04668803228573923},"point_estimate":0.04189348016409111,"standard_error":0.0025621789439458},"median":{"confidence_interval":{"confidence_level":0.95,"lower_bound":0.03382017568482398,"upper_bound":0.051939739089728265},"point_estimate":0.03839656941971459,"standard_error":0.004288233009597287}}